report_id,period_label,period_start,period_end,report_period_type,file_type,crime_id,city_name,crime_period_type,metric_group,metric_name,metric_code,value,unit
280,январь-апрель 2021,2021-01-01,2021-04-30,month_cum,xlsx,1155,Санкт-Петербург,month_cum,Наркопреступления,"Всего преступлений, связанных с незаконным оборотом наркотиков",drugs_total,5216.0,count
284,январь-август 2021,2021-01-01,2021-08-31,month_cum,xlsx,1183,Санкт-Петербург,month_cum,Наркопреступления,"Всего преступлений, связанных с незаконным оборотом наркотиков",drugs_total,7730.0,count
277,январь 2021,2021-01-01,2021-01-31,month_cum,xlsx,1134,Санкт-Петербург,month_cum,Наркопреступления,"Всего преступлений, связанных с незаконным оборотом наркотиков",drugs_total,3216.0,count
281,январь-май 2021,2021-01-01,2021-05-31,month_cum,xlsx,1162,Санкт-Петербург,month_cum,Наркопреступления,"Всего преступлений, связанных с незаконным оборотом наркотиков",drugs_total,5944.0,count
278,январь-февраль 2021,2021-01-01,2021-02-28,month_cum,xlsx,1141,Санкт-Петербург,month_cum,Наркопреступления,"Всего преступлений, связанных с незаконным оборотом наркотиков",drugs_total,3828.0,count
283,январь-июль 2021,2021-01-01,2021-07-31,month_cum,xlsx,1176,Санкт-Петербург,month_cum,Наркопреступления,"Всего преступлений, связанных с незаконным оборотом наркотиков",drugs_total,7166.0,count
287,январь-ноябрь 2021,2021-01-01,2021-11-30,month_cum,xlsx,1204,Санкт-Петербург,month_cum,Наркопреступления,"Всего преступлений, связанных с незаконным оборотом наркотиков",drugs_total,9672.0,count
288,январь-декабрь 2021,2021-01-01,2021-12-31,month_cum,xlsx,1211,Санкт-Петербург,month_cum,Наркопреступления,"Всего преступлений, связанных с незаконным оборотом наркотиков",drugs_total,10099.0,count
286,январь-октябрь 2021,2021-01-01,2021-10-31,month_cum,xlsx,1197,Санкт-Петербург,month_cum,Наркопреступления,"Всего преступлений, связанных с незаконным оборотом наркотиков",drugs_total,9106.0,count
279,январь-март 2021,2021-01-01,2021-03-31,month_cum,xlsx,1148,Санкт-Петербург,month_cum,Наркопреступления,"Всего преступлений, связанных с незаконным оборотом наркотиков",drugs_total,4516.0,count
282,январь-июнь 2021,2021-01-01,2021-06-30,month_cum,xlsx,1169,Санкт-Петербург,month_cum,Наркопреступления,"Всего преступлений, связанных с незаконным оборотом наркотиков",drugs_total,6496.0,count
285,январь-сентябрь 2021,2021-01-01,2021-09-30,month_cum,xlsx,1190,Санкт-Петербург,month_cum,Наркопреступления,"Всего преступлений, связанных с незаконным оборотом наркотиков",drugs_total,8291.0,count
288,январь-декабрь 2021,2021-01-01,2021-12-31,month_cum,xlsx,1210,Санкт-Петербург,month_cum,Экономические преступления,Всего преступлений экономической направленности,econ_total,4321.0,count
282,январь-июнь 2021,2021-01-01,2021-06-30,month_cum,xlsx,1168,Санкт-Петербург,month_cum,Экономические преступления,Всего преступлений экономической направленности,econ_total,3223.0,count
285,январь-сентябрь 2021,2021-01-01,2021-09-30,month_cum,xlsx,1189,Санкт-Петербург,month_cum,Экономические преступления,Всего преступлений экономической направленности,econ_total,4106.0,count
278,январь-февраль 2021,2021-01-01,2021-02-28,month_cum,xlsx,1140,Санкт-Петербург,month_cum,Экономические преступления,Всего преступлений экономической направленности,econ_total,3139.0,count
287,январь-ноябрь 2021,2021-01-01,2021-11-30,month_cum,xlsx,1203,Санкт-Петербург,month_cum,Экономические преступления,Всего преступлений экономической направленности,econ_total,5120.0,count
286,январь-октябрь 2021,2021-01-01,2021-10-31,month_cum,xlsx,1196,Санкт-Петербург,month_cum,Экономические преступления,Всего преступлений экономической направленности,econ_total,4645.0,count
281,январь-май 2021,2021-01-01,2021-05-31,month_cum,xlsx,1161,Санкт-Петербург,month_cum,Экономические преступления,Всего преступлений экономической направленности,econ_total,3450.0,count
277,январь 2021,2021-01-01,2021-01-31,month_cum,xlsx,1133,Санкт-Петербург,month_cum,Экономические преступления,Всего преступлений экономической направленности,econ_total,1922.0,count
279,январь-март 2021,2021-01-01,2021-03-31,month_cum,xlsx,1147,Санкт-Петербург,month_cum,Экономические преступления,Всего преступлений экономической направленности,econ_total,3865.0,count
284,январь-август 2021,2021-01-01,2021-08-31,month_cum,xlsx,1182,Санкт-Петербург,month_cum,Экономические преступления,Всего преступлений экономической направленности,econ_total,4300.0,count
283,январь-июль 2021,2021-01-01,2021-07-31,month_cum,xlsx,1175,Санкт-Петербург,month_cum,Экономические преступления,Всего преступлений экономической направленности,econ_total,3820.0,count
280,январь-апрель 2021,2021-01-01,2021-04-30,month_cum,xlsx,1154,Санкт-Петербург,month_cum,Экономические преступления,Всего преступлений экономической направленности,econ_total,3323.0,count
279,январь-март 2021,2021-01-01,2021-03-31,month_cum,xlsx,1149,Санкт-Петербург,month_cum,Преступления против собственности,Всего преступлений против собственности,property_total,920.0,count
282,январь-июнь 2021,2021-01-01,2021-06-30,month_cum,xlsx,1170,Санкт-Петербург,month_cum,Преступления против собственности,Всего преступлений против собственности,property_total,1101.0,count
287,январь-ноябрь 2021,2021-01-01,2021-11-30,month_cum,xlsx,1205,Санкт-Петербург,month_cum,Преступления против собственности,Всего преступлений против собственности,property_total,1252.0,count
277,январь 2021,2021-01-01,2021-01-31,month_cum,xlsx,1135,Санкт-Петербург,month_cum,Преступления против собственности,Всего преступлений против собственности,property_total,660.0,count
278,январь-февраль 2021,2021-01-01,2021-02-28,month_cum,xlsx,1142,Санкт-Петербург,month_cum,Преступления против собственности,Всего преступлений против собственности,property_total,781.0,count
286,январь-октябрь 2021,2021-01-01,2021-10-31,month_cum,xlsx,1198,Санкт-Петербург,month_cum,Преступления против собственности,Всего преступлений против собственности,property_total,1239.0,count
288,январь-декабрь 2021,2021-01-01,2021-12-31,month_cum,xlsx,1212,Санкт-Петербург,month_cum,Преступления против собственности,Всего преступлений против собственности,property_total,1282.0,count
285,январь-сентябрь 2021,2021-01-01,2021-09-30,month_cum,xlsx,1191,Санкт-Петербург,month_cum,Преступления против собственности,Всего преступлений против собственности,property_total,1200.0,count
280,январь-апрель 2021,2021-01-01,2021-04-30,month_cum,xlsx,1156,Санкт-Петербург,month_cum,Преступления против собственности,Всего преступлений против собственности,property_total,983.0,count
284,январь-август 2021,2021-01-01,2021-08-31,month_cum,xlsx,1184,Санкт-Петербург,month_cum,Преступления против собственности,Всего преступлений против собственности,property_total,1155.0,count
281,январь-май 2021,2021-01-01,2021-05-31,month_cum,xlsx,1163,Санкт-Петербург,month_cum,Преступления против собственности,Всего преступлений против собственности,property_total,1054.0,count
283,январь-июль 2021,2021-01-01,2021-07-31,month_cum,xlsx,1177,Санкт-Петербург,month_cum,Преступления против собственности,Всего преступлений против собственности,property_total,1119.0,count
279,январь-март 2021,2021-01-01,2021-03-31,month_cum,xlsx,1146,Санкт-Петербург,month_cum,Тяжкие и особо тяжкие,Всего тяжких и особо тяжких преступлений,serious_total,13793.0,count
278,январь-февраль 2021,2021-01-01,2021-02-28,month_cum,xlsx,1139,Санкт-Петербург,month_cum,Тяжкие и особо тяжкие,Всего тяжких и особо тяжких преступлений,serious_total,11402.0,count
280,январь-апрель 2021,2021-01-01,2021-04-30,month_cum,xlsx,1153,Санкт-Петербург,month_cum,Тяжкие и особо тяжкие,Всего тяжких и особо тяжких преступлений,serious_total,14898.0,count
281,январь-май 2021,2021-01-01,2021-05-31,month_cum,xlsx,1160,Санкт-Петербург,month_cum,Тяжкие и особо тяжкие,Всего тяжких и особо тяжких преступлений,serious_total,16575.0,count
282,январь-июнь 2021,2021-01-01,2021-06-30,month_cum,xlsx,1167,Санкт-Петербург,month_cum,Тяжкие и особо тяжкие,Всего тяжких и особо тяжких преступлений,serious_total,17871.0,count
283,январь-июль 2021,2021-01-01,2021-07-31,month_cum,xlsx,1174,Санкт-Петербург,month_cum,Тяжкие и особо тяжкие,Всего тяжких и особо тяжких преступлений,serious_total,20070.0,count
284,январь-август 2021,2021-01-01,2021-08-31,month_cum,xlsx,1181,Санкт-Петербург,month_cum,Тяжкие и особо тяжкие,Всего тяжких и особо тяжких преступлений,serious_total,22002.0,count
285,январь-сентябрь 2021,2021-01-01,2021-09-30,month_cum,xlsx,1188,Санкт-Петербург,month_cum,Тяжкие и особо тяжкие,Всего тяжких и особо тяжких преступлений,serious_total,23241.0,count
286,январь-октябрь 2021,2021-01-01,2021-10-31,month_cum,xlsx,1195,Санкт-Петербург,month_cum,Тяжкие и особо тяжкие,Всего тяжких и особо тяжких преступлений,serious_total,25811.0,count
287,январь-ноябрь 2021,2021-01-01,2021-11-30,month_cum,xlsx,1202,Санкт-Петербург,month_cum,Тяжкие и особо тяжкие,Всего тяжких и особо тяжких преступлений,serious_total,27642.0,count
288,январь-декабрь 2021,2021-01-01,2021-12-31,month_cum,xlsx,1209,Санкт-Петербург,month_cum,Тяжкие и особо тяжкие,Всего тяжких и особо тяжких преступлений,serious_total,28078.0,count
277,январь 2021,2021-01-01,2021-01-31,month_cum,xlsx,1132,Санкт-Петербург,month_cum,Тяжкие и особо тяжкие,Всего тяжких и особо тяжких преступлений,serious_total,8555.0,count
279,январь-март 2021,2021-01-01,2021-03-31,month_cum,xlsx,1151,Санкт-Петербург,month_cum,Раскрываемость,Всего раскрыто,solved_crimes,6157.0,count
284,январь-август 2021,2021-01-01,2021-08-31,month_cum,xlsx,1186,Санкт-Петербург,month_cum,Раскрываемость,Всего раскрыто,solved_crimes,17525.0,count
285,январь-сентябрь 2021,2021-01-01,2021-09-30,month_cum,xlsx,1193,Санкт-Петербург,month_cum,Раскрываемость,Всего раскрыто,solved_crimes,19890.0,count
283,январь-июль 2021,2021-01-01,2021-07-31,month_cum,xlsx,1179,Санкт-Петербург,month_cum,Раскрываемость,Всего раскрыто,solved_crimes,15530.0,count
280,январь-апрель 2021,2021-01-01,2021-04-30,month_cum,xlsx,1158,Санкт-Петербург,month_cum,Раскрываемость,Всего раскрыто,solved_crimes,8523.0,count
288,январь-декабрь 2021,2021-01-01,2021-12-31,month_cum,xlsx,1214,Санкт-Петербург,month_cum,Раскрываемость,Всего раскрыто,solved_crimes,25613.0,count
287,январь-ноябрь 2021,2021-01-01,2021-11-30,month_cum,xlsx,1207,Санкт-Петербург,month_cum,Раскрываемость,Всего раскрыто,solved_crimes,23551.0,count
277,январь 2021,2021-01-01,2021-01-31,month_cum,xlsx,1137,Санкт-Петербург,month_cum,Раскрываемость,Всего раскрыто,solved_crimes,2062.0,count
278,январь-февраль 2021,2021-01-01,2021-02-28,month_cum,xlsx,1144,Санкт-Петербург,month_cum,Раскрываемость,Всего раскрыто,solved_crimes,3924.0,count
281,январь-май 2021,2021-01-01,2021-05-31,month_cum,xlsx,1165,Санкт-Петербург,month_cum,Раскрываемость,Всего раскрыто,solved_crimes,10508.0,count
282,январь-июнь 2021,2021-01-01,2021-06-30,month_cum,xlsx,1172,Санкт-Петербург,month_cum,Раскрываемость,Всего раскрыто,solved_crimes,13538.0,count
286,январь-октябрь 2021,2021-01-01,2021-10-31,month_cum,xlsx,1200,Санкт-Петербург,month_cum,Раскрываемость,Всего раскрыто,solved_crimes,21765.0,count
283,январь-июль 2021,2021-01-01,2021-07-31,month_cum,xlsx,1178,Санкт-Петербург,month_cum,Кражи,Всего краж (ст. 158),theft_total,16319.0,count
280,январь-апрель 2021,2021-01-01,2021-04-30,month_cum,xlsx,1157,Санкт-Петербург,month_cum,Кражи,Всего краж (ст. 158),theft_total,10997.0,count
285,январь-сентябрь 2021,2021-01-01,2021-09-30,month_cum,xlsx,1192,Санкт-Петербург,month_cum,Кражи,Всего краж (ст. 158),theft_total,20224.0,count
279,январь-март 2021,2021-01-01,2021-03-31,month_cum,xlsx,1150,Санкт-Петербург,month_cum,Кражи,Всего краж (ст. 158),theft_total,9050.0,count
286,январь-октябрь 2021,2021-01-01,2021-10-31,month_cum,xlsx,1199,Санкт-Петербург,month_cum,Кражи,Всего краж (ст. 158),theft_total,23395.0,count
278,январь-февраль 2021,2021-01-01,2021-02-28,month_cum,xlsx,1143,Санкт-Петербург,month_cum,Кражи,Всего краж (ст. 158),theft_total,7261.0,count
287,январь-ноябрь 2021,2021-01-01,2021-11-30,month_cum,xlsx,1206,Санкт-Петербург,month_cum,Кражи,Всего краж (ст. 158),theft_total,25303.0,count
277,январь 2021,2021-01-01,2021-01-31,month_cum,xlsx,1136,Санкт-Петербург,month_cum,Кражи,Всего краж (ст. 158),theft_total,5543.0,count
288,январь-декабрь 2021,2021-01-01,2021-12-31,month_cum,xlsx,1213,Санкт-Петербург,month_cum,Кражи,Всего краж (ст. 158),theft_total,27032.0,count
281,январь-май 2021,2021-01-01,2021-05-31,month_cum,xlsx,1164,Санкт-Петербург,month_cum,Кражи,Всего краж (ст. 158),theft_total,12739.0,count
282,январь-июнь 2021,2021-01-01,2021-06-30,month_cum,xlsx,1171,Санкт-Петербург,month_cum,Кражи,Всего краж (ст. 158),theft_total,14489.0,count
284,январь-август 2021,2021-01-01,2021-08-31,month_cum,xlsx,1185,Санкт-Петербург,month_cum,Кражи,Всего краж (ст. 158),theft_total,18265.0,count
284,январь-август 2021,2021-01-01,2021-08-31,month_cum,xlsx,1180,Санкт-Петербург,month_cum,Общая преступность,Всего преступлений,total_crimes,55410.0,count
283,январь-июль 2021,2021-01-01,2021-07-31,month_cum,xlsx,1173,Санкт-Петербург,month_cum,Общая преступность,Всего преступлений,total_crimes,49979.0,count
278,январь-февраль 2021,2021-01-01,2021-02-28,month_cum,xlsx,1138,Санкт-Петербург,month_cum,Общая преступность,Всего преступлений,total_crimes,25030.0,count
288,январь-декабрь 2021,2021-01-01,2021-12-31,month_cum,xlsx,1208,Санкт-Петербург,month_cum,Общая преступность,Всего преступлений,total_crimes,76966.0,count
285,январь-сентябрь 2021,2021-01-01,2021-09-30,month_cum,xlsx,1187,Санкт-Петербург,month_cum,Общая преступность,Всего преступлений,total_crimes,60172.0,count
282,январь-июнь 2021,2021-01-01,2021-06-30,month_cum,xlsx,1166,Санкт-Петербург,month_cum,Общая преступность,Всего преступлений,total_crimes,44407.0,count
277,январь 2021,2021-01-01,2021-01-31,month_cum,xlsx,1131,Санкт-Петербург,month_cum,Общая преступность,Всего преступлений,total_crimes,19214.0,count
281,январь-май 2021,2021-01-01,2021-05-31,month_cum,xlsx,1159,Санкт-Петербург,month_cum,Общая преступность,Всего преступлений,total_crimes,40099.0,count
286,январь-октябрь 2021,2021-01-01,2021-10-31,month_cum,xlsx,1194,Санкт-Петербург,month_cum,Общая преступность,Всего преступлений,total_crimes,67740.0,count
279,январь-март 2021,2021-01-01,2021-03-31,month_cum,xlsx,1145,Санкт-Петербург,month_cum,Общая преступность,Всего преступлений,total_crimes,30709.0,count
280,январь-апрель 2021,2021-01-01,2021-04-30,month_cum,xlsx,1152,Санкт-Петербург,month_cum,Общая преступность,Всего преступлений,total_crimes,35379.0,count
287,январь-ноябрь 2021,2021-01-01,2021-11-30,month_cum,xlsx,1201,Санкт-Петербург,month_cum,Общая преступность,Всего преступлений,total_crimes,73229.0,count
297,январь-сентябрь 2022,2022-01-01,2022-09-30,month_cum,xlsx,1274,Санкт-Петербург,month_cum,Наркопреступления,"Всего преступлений, связанных с незаконным оборотом наркотиков",drugs_total,7389.0,count
294,январь-июнь 2022,2022-01-01,2022-06-30,month_cum,xlsx,1253,Санкт-Петербург,month_cum,Наркопреступления,"Всего преступлений, связанных с незаконным оборотом наркотиков",drugs_total,5821.0,count
298,январь-октябрь 2022,2022-01-01,2022-10-31,month_cum,xlsx,1281,Санкт-Петербург,month_cum,Наркопреступления,"Всего преступлений, связанных с незаконным оборотом наркотиков",drugs_total,8005.0,count
300,январь-декабрь 2022,2022-01-01,2022-12-31,month_cum,xlsx,1295,Санкт-Петербург,month_cum,Наркопреступления,"Всего преступлений, связанных с незаконным оборотом наркотиков",drugs_total,8905.0,count
292,январь-апрель 2022,2022-01-01,2022-04-30,month_cum,xlsx,1239,Санкт-Петербург,month_cum,Наркопреступления,"Всего преступлений, связанных с незаконным оборотом наркотиков",drugs_total,4772.0,count
290,январь-февраль 2022,2022-01-01,2022-02-28,month_cum,xlsx,1225,Санкт-Петербург,month_cum,Наркопреступления,"Всего преступлений, связанных с незаконным оборотом наркотиков",drugs_total,3495.0,count
296,январь-август 2022,2022-01-01,2022-08-31,month_cum,xlsx,1267,Санкт-Петербург,month_cum,Наркопреступления,"Всего преступлений, связанных с незаконным оборотом наркотиков",drugs_total,6900.0,count
293,январь-май 2022,2022-01-01,2022-05-31,month_cum,xlsx,1246,Санкт-Петербург,month_cum,Наркопреступления,"Всего преступлений, связанных с незаконным оборотом наркотиков",drugs_total,5260.0,count
295,январь-июль 2022,2022-01-01,2022-07-31,month_cum,xlsx,1260,Санкт-Петербург,month_cum,Наркопреступления,"Всего преступлений, связанных с незаконным оборотом наркотиков",drugs_total,6460.0,count
289,январь 2022,2022-01-01,2022-01-31,month_cum,xlsx,1218,Санкт-Петербург,month_cum,Наркопреступления,"Всего преступлений, связанных с незаконным оборотом наркотиков",drugs_total,3082.0,count
299,январь-ноябрь 2022,2022-01-01,2022-11-30,month_cum,xlsx,1288,Санкт-Петербург,month_cum,Наркопреступления,"Всего преступлений, связанных с незаконным оборотом наркотиков",drugs_total,8571.0,count
291,январь-март 2022,2022-01-01,2022-03-31,month_cum,xlsx,1232,Санкт-Петербург,month_cum,Наркопреступления,"Всего преступлений, связанных с незаконным оборотом наркотиков",drugs_total,4211.0,count
290,январь-февраль 2022,2022-01-01,2022-02-28,month_cum,xlsx,1224,Санкт-Петербург,month_cum,Экономические преступления,Всего преступлений экономической направленности,econ_total,2516.0,count
293,январь-май 2022,2022-01-01,2022-05-31,month_cum,xlsx,1245,Санкт-Петербург,month_cum,Экономические преступления,Всего преступлений экономической направленности,econ_total,3697.0,count
295,январь-июль 2022,2022-01-01,2022-07-31,month_cum,xlsx,1259,Санкт-Петербург,month_cum,Экономические преступления,Всего преступлений экономической направленности,econ_total,3756.0,count
296,январь-август 2022,2022-01-01,2022-08-31,month_cum,xlsx,1266,Санкт-Петербург,month_cum,Экономические преступления,Всего преступлений экономической направленности,econ_total,4006.0,count
289,январь 2022,2022-01-01,2022-01-31,month_cum,xlsx,1217,Санкт-Петербург,month_cum,Экономические преступления,Всего преступлений экономической направленности,econ_total,2206.0,count
300,январь-декабрь 2022,2022-01-01,2022-12-31,month_cum,xlsx,1294,Санкт-Петербург,month_cum,Экономические преступления,Всего преступлений экономической направленности,econ_total,4373.0,count
294,январь-июнь 2022,2022-01-01,2022-06-30,month_cum,xlsx,1252,Санкт-Петербург,month_cum,Экономические преступления,Всего преступлений экономической направленности,econ_total,3551.0,count
299,январь-ноябрь 2022,2022-01-01,2022-11-30,month_cum,xlsx,1287,Санкт-Петербург,month_cum,Экономические преступления,Всего преступлений экономической направленности,econ_total,4258.0,count
291,январь-март 2022,2022-01-01,2022-03-31,month_cum,xlsx,1231,Санкт-Петербург,month_cum,Экономические преступления,Всего преступлений экономической направленности,econ_total,2619.0,count
298,январь-октябрь 2022,2022-01-01,2022-10-31,month_cum,xlsx,1280,Санкт-Петербург,month_cum,Экономические преступления,Всего преступлений экономической направленности,econ_total,4205.0,count
292,январь-апрель 2022,2022-01-01,2022-04-30,month_cum,xlsx,1238,Санкт-Петербург,month_cum,Экономические преступления,Всего преступлений экономической направленности,econ_total,3073.0,count
297,январь-сентябрь 2022,2022-01-01,2022-09-30,month_cum,xlsx,1273,Санкт-Петербург,month_cum,Экономические преступления,Всего преступлений экономической направленности,econ_total,4225.0,count
293,январь-май 2022,2022-01-01,2022-05-31,month_cum,xlsx,1247,Санкт-Петербург,month_cum,Преступления против собственности,Всего преступлений против собственности,property_total,1042.0,count
298,январь-октябрь 2022,2022-01-01,2022-10-31,month_cum,xlsx,1282,Санкт-Петербург,month_cum,Преступления против собственности,Всего преступлений против собственности,property_total,1328.0,count
292,январь-апрель 2022,2022-01-01,2022-04-30,month_cum,xlsx,1240,Санкт-Петербург,month_cum,Преступления против собственности,Всего преступлений против собственности,property_total,989.0,count
299,январь-ноябрь 2022,2022-01-01,2022-11-30,month_cum,xlsx,1289,Санкт-Петербург,month_cum,Преступления против собственности,Всего преступлений против собственности,property_total,1341.0,count
295,январь-июль 2022,2022-01-01,2022-07-31,month_cum,xlsx,1261,Санкт-Петербург,month_cum,Преступления против собственности,Всего преступлений против собственности,property_total,1251.0,count
290,январь-февраль 2022,2022-01-01,2022-02-28,month_cum,xlsx,1226,Санкт-Петербург,month_cum,Преступления против собственности,Всего преступлений против собственности,property_total,767.0,count
300,январь-декабрь 2022,2022-01-01,2022-12-31,month_cum,xlsx,1296,Санкт-Петербург,month_cum,Преступления против собственности,Всего преступлений против собственности,property_total,1353.0,count
296,январь-август 2022,2022-01-01,2022-08-31,month_cum,xlsx,1268,Санкт-Петербург,month_cum,Преступления против собственности,Всего преступлений против собственности,property_total,1348.0,count
289,январь 2022,2022-01-01,2022-01-31,month_cum,xlsx,1219,Санкт-Петербург,month_cum,Преступления против собственности,Всего преступлений против собственности,property_total,665.0,count
294,январь-июнь 2022,2022-01-01,2022-06-30,month_cum,xlsx,1254,Санкт-Петербург,month_cum,Преступления против собственности,Всего преступлений против собственности,property_total,1238.0,count
297,январь-сентябрь 2022,2022-01-01,2022-09-30,month_cum,xlsx,1275,Санкт-Петербург,month_cum,Преступления против собственности,Всего преступлений против собственности,property_total,1427.0,count
291,январь-март 2022,2022-01-01,2022-03-31,month_cum,xlsx,1233,Санкт-Петербург,month_cum,Преступления против собственности,Всего преступлений против собственности,property_total,920.0,count
297,январь-сентябрь 2022,2022-01-01,2022-09-30,month_cum,xlsx,1272,Санкт-Петербург,month_cum,Тяжкие и особо тяжкие,Всего тяжких и особо тяжких преступлений,serious_total,20191.0,count
289,январь 2022,2022-01-01,2022-01-31,month_cum,xlsx,1216,Санкт-Петербург,month_cum,Тяжкие и особо тяжкие,Всего тяжких и особо тяжких преступлений,serious_total,8460.0,count
290,январь-февраль 2022,2022-01-01,2022-02-28,month_cum,xlsx,1223,Санкт-Петербург,month_cum,Тяжкие и особо тяжкие,Всего тяжких и особо тяжких преступлений,serious_total,9909.0,count
291,январь-март 2022,2022-01-01,2022-03-31,month_cum,xlsx,1230,Санкт-Петербург,month_cum,Тяжкие и особо тяжкие,Всего тяжких и особо тяжких преступлений,serious_total,11298.0,count
292,январь-апрель 2022,2022-01-01,2022-04-30,month_cum,xlsx,1237,Санкт-Петербург,month_cum,Тяжкие и особо тяжкие,Всего тяжких и особо тяжких преступлений,serious_total,12966.0,count
293,январь-май 2022,2022-01-01,2022-05-31,month_cum,xlsx,1244,Санкт-Петербург,month_cum,Тяжкие и особо тяжкие,Всего тяжких и особо тяжких преступлений,serious_total,14649.0,count
294,январь-июнь 2022,2022-01-01,2022-06-30,month_cum,xlsx,1251,Санкт-Петербург,month_cum,Тяжкие и особо тяжкие,Всего тяжких и особо тяжких преступлений,serious_total,15675.0,count
295,январь-июль 2022,2022-01-01,2022-07-31,month_cum,xlsx,1258,Санкт-Петербург,month_cum,Тяжкие и особо тяжкие,Всего тяжких и особо тяжких преступлений,serious_total,17362.0,count
296,январь-август 2022,2022-01-01,2022-08-31,month_cum,xlsx,1265,Санкт-Петербург,month_cum,Тяжкие и особо тяжкие,Всего тяжких и особо тяжких преступлений,serious_total,18726.0,count
298,январь-октябрь 2022,2022-01-01,2022-10-31,month_cum,xlsx,1279,Санкт-Петербург,month_cum,Тяжкие и особо тяжкие,Всего тяжких и особо тяжких преступлений,serious_total,21803.0,count
299,январь-ноябрь 2022,2022-01-01,2022-11-30,month_cum,xlsx,1286,Санкт-Петербург,month_cum,Тяжкие и особо тяжкие,Всего тяжких и особо тяжких преступлений,serious_total,23396.0,count
300,январь-декабрь 2022,2022-01-01,2022-12-31,month_cum,xlsx,1293,Санкт-Петербург,month_cum,Тяжкие и особо тяжкие,Всего тяжких и особо тяжких преступлений,serious_total,24683.0,count
298,январь-октябрь 2022,2022-01-01,2022-10-31,month_cum,xlsx,1284,Санкт-Петербург,month_cum,Раскрываемость,Всего раскрыто,solved_crimes,22421.0,count
289,январь 2022,2022-01-01,2022-01-31,month_cum,xlsx,1221,Санкт-Петербург,month_cum,Раскрываемость,Всего раскрыто,solved_crimes,2222.0,count
290,январь-февраль 2022,2022-01-01,2022-02-28,month_cum,xlsx,1228,Санкт-Петербург,month_cum,Раскрываемость,Всего раскрыто,solved_crimes,4341.0,count
299,январь-ноябрь 2022,2022-01-01,2022-11-30,month_cum,xlsx,1291,Санкт-Петербург,month_cum,Раскрываемость,Всего раскрыто,solved_crimes,24442.0,count
295,январь-июль 2022,2022-01-01,2022-07-31,month_cum,xlsx,1263,Санкт-Петербург,month_cum,Раскрываемость,Всего раскрыто,solved_crimes,16498.0,count
296,январь-август 2022,2022-01-01,2022-08-31,month_cum,xlsx,1270,Санкт-Петербург,month_cum,Раскрываемость,Всего раскрыто,solved_crimes,18414.0,count
300,январь-декабрь 2022,2022-01-01,2022-12-31,month_cum,xlsx,1298,Санкт-Петербург,month_cum,Раскрываемость,Всего раскрыто,solved_crimes,26190.0,count
292,январь-апрель 2022,2022-01-01,2022-04-30,month_cum,xlsx,1242,Санкт-Петербург,month_cum,Раскрываемость,Всего раскрыто,solved_crimes,9291.0,count
297,январь-сентябрь 2022,2022-01-01,2022-09-30,month_cum,xlsx,1277,Санкт-Петербург,month_cum,Раскрываемость,Всего раскрыто,solved_crimes,20550.0,count
293,январь-май 2022,2022-01-01,2022-05-31,month_cum,xlsx,1249,Санкт-Петербург,month_cum,Раскрываемость,Всего раскрыто,solved_crimes,11624.0,count
291,январь-март 2022,2022-01-01,2022-03-31,month_cum,xlsx,1235,Санкт-Петербург,month_cum,Раскрываемость,Всего раскрыто,solved_crimes,7094.0,count
294,январь-июнь 2022,2022-01-01,2022-06-30,month_cum,xlsx,1256,Санкт-Петербург,month_cum,Раскрываемость,Всего раскрыто,solved_crimes,14432.0,count
298,январь-октябрь 2022,2022-01-01,2022-10-31,month_cum,xlsx,1283,Санкт-Петербург,month_cum,Кражи,Всего краж (ст. 158),theft_total,23336.0,count
292,январь-апрель 2022,2022-01-01,2022-04-30,month_cum,xlsx,1241,Санкт-Петербург,month_cum,Кражи,Всего краж (ст. 158),theft_total,10865.0,count
293,январь-май 2022,2022-01-01,2022-05-31,month_cum,xlsx,1248,Санкт-Петербург,month_cum,Кражи,Всего краж (ст. 158),theft_total,12592.0,count
295,январь-июль 2022,2022-01-01,2022-07-31,month_cum,xlsx,1262,Санкт-Петербург,month_cum,Кражи,Всего краж (ст. 158),theft_total,16875.0,count
290,январь-февраль 2022,2022-01-01,2022-02-28,month_cum,xlsx,1227,Санкт-Петербург,month_cum,Кражи,Всего краж (ст. 158),theft_total,6902.0,count
299,январь-ноябрь 2022,2022-01-01,2022-11-30,month_cum,xlsx,1290,Санкт-Петербург,month_cum,Кражи,Всего краж (ст. 158),theft_total,25404.0,count
297,январь-сентябрь 2022,2022-01-01,2022-09-30,month_cum,xlsx,1276,Санкт-Петербург,month_cum,Кражи,Всего краж (ст. 158),theft_total,20967.0,count
291,январь-март 2022,2022-01-01,2022-03-31,month_cum,xlsx,1234,Санкт-Петербург,month_cum,Кражи,Всего краж (ст. 158),theft_total,8851.0,count
296,январь-август 2022,2022-01-01,2022-08-31,month_cum,xlsx,1269,Санкт-Петербург,month_cum,Кражи,Всего краж (ст. 158),theft_total,18900.0,count
289,январь 2022,2022-01-01,2022-01-31,month_cum,xlsx,1220,Санкт-Петербург,month_cum,Кражи,Всего краж (ст. 158),theft_total,5494.0,count
294,январь-июнь 2022,2022-01-01,2022-06-30,month_cum,xlsx,1255,Санкт-Петербург,month_cum,Кражи,Всего краж (ст. 158),theft_total,14618.0,count
300,январь-декабрь 2022,2022-01-01,2022-12-31,month_cum,xlsx,1297,Санкт-Петербург,month_cum,Кражи,Всего краж (ст. 158),theft_total,27227.0,count
292,январь-апрель 2022,2022-01-01,2022-04-30,month_cum,xlsx,1236,Санкт-Петербург,month_cum,Общая преступность,Всего преступлений,total_crimes,34226.0,count
296,январь-август 2022,2022-01-01,2022-08-31,month_cum,xlsx,1264,Санкт-Петербург,month_cum,Общая преступность,Всего преступлений,total_crimes,54584.0,count
293,январь-май 2022,2022-01-01,2022-05-31,month_cum,xlsx,1243,Санкт-Петербург,month_cum,Общая преступность,Всего преступлений,total_crimes,39277.0,count
297,январь-сентябрь 2022,2022-01-01,2022-09-30,month_cum,xlsx,1271,Санкт-Петербург,month_cum,Общая преступность,Всего преступлений,total_crimes,59847.0,count
298,январь-октябрь 2022,2022-01-01,2022-10-31,month_cum,xlsx,1278,Санкт-Петербург,month_cum,Общая преступность,Всего преступлений,total_crimes,65644.0,count
299,январь-ноябрь 2022,2022-01-01,2022-11-30,month_cum,xlsx,1285,Санкт-Петербург,month_cum,Общая преступность,Всего преступлений,total_crimes,71604.0,count
291,январь-март 2022,2022-01-01,2022-03-31,month_cum,xlsx,1229,Санкт-Петербург,month_cum,Общая преступность,Всего преступлений,total_crimes,28704.0,count
300,январь-декабрь 2022,2022-01-01,2022-12-31,month_cum,xlsx,1292,Санкт-Петербург,month_cum,Общая преступность,Всего преступлений,total_crimes,76445.0,count
290,январь-февраль 2022,2022-01-01,2022-02-28,month_cum,xlsx,1222,Санкт-Петербург,month_cum,Общая преступность,Всего преступлений,total_crimes,23444.0,count
289,январь 2022,2022-01-01,2022-01-31,month_cum,xlsx,1215,Санкт-Петербург,month_cum,Общая преступность,Всего преступлений,total_crimes,19147.0,count
295,январь-июль 2022,2022-01-01,2022-07-31,month_cum,xlsx,1257,Санкт-Петербург,month_cum,Общая преступность,Всего преступлений,total_crimes,49517.0,count
294,январь-июнь 2022,2022-01-01,2022-06-30,month_cum,xlsx,1250,Санкт-Петербург,month_cum,Общая преступность,Всего преступлений,total_crimes,43960.0,count
301,январь 2023,2023-01-01,2023-01-31,month_cum,xlsx,1302,Санкт-Петербург,month_cum,Наркопреступления,"Всего преступлений, связанных с незаконным оборотом наркотиков",drugs_total,2810.0,count
302,январь-февраль 2023,2023-01-01,2023-02-28,month_cum,xlsx,1309,Санкт-Петербург,month_cum,Наркопреступления,"Всего преступлений, связанных с незаконным оборотом наркотиков",drugs_total,3313.0,count
305,январь-май 2023,2023-01-01,2023-05-31,month_cum,xlsx,1330,Санкт-Петербург,month_cum,Наркопреступления,"Всего преступлений, связанных с незаконным оборотом наркотиков",drugs_total,4964.0,count
308,январь-август 2023,2023-01-01,2023-08-31,month_cum,xlsx,1351,Санкт-Петербург,month_cum,Наркопреступления,"Всего преступлений, связанных с незаконным оборотом наркотиков",drugs_total,6545.0,count
310,январь-октябрь 2023,2023-01-01,2023-10-31,month_cum,xlsx,1365,Санкт-Петербург,month_cum,Наркопреступления,"Всего преступлений, связанных с незаконным оборотом наркотиков",drugs_total,7710.0,count
307,январь-июль 2023,2023-01-01,2023-07-31,month_cum,xlsx,1344,Санкт-Петербург,month_cum,Наркопреступления,"Всего преступлений, связанных с незаконным оборотом наркотиков",drugs_total,5865.0,count
304,январь-апрель 2023,2023-01-01,2023-04-30,month_cum,xlsx,1323,Санкт-Петербург,month_cum,Наркопреступления,"Всего преступлений, связанных с незаконным оборотом наркотиков",drugs_total,4427.0,count
303,январь-март 2023,2023-01-01,2023-03-31,month_cum,xlsx,1316,Санкт-Петербург,month_cum,Наркопреступления,"Всего преступлений, связанных с незаконным оборотом наркотиков",drugs_total,3897.0,count
309,январь-сентябрь 2023,2023-01-01,2023-09-30,month_cum,xlsx,1358,Санкт-Петербург,month_cum,Наркопреступления,"Всего преступлений, связанных с незаконным оборотом наркотиков",drugs_total,7024.0,count
311,январь-ноябрь 2023,2023-01-01,2023-11-30,month_cum,xlsx,1372,Санкт-Петербург,month_cum,Наркопреступления,"Всего преступлений, связанных с незаконным оборотом наркотиков",drugs_total,8361.0,count
306,январь-июнь 2023,2023-01-01,2023-06-30,month_cum,xlsx,1337,Санкт-Петербург,month_cum,Наркопреступления,"Всего преступлений, связанных с незаконным оборотом наркотиков",drugs_total,5413.0,count
312,январь-декабрь 2023,2023-01-01,2023-12-31,month_cum,xlsx,1379,Санкт-Петербург,month_cum,Наркопреступления,"Всего преступлений, связанных с незаконным оборотом наркотиков",drugs_total,8933.0,count
302,январь-февраль 2023,2023-01-01,2023-02-28,month_cum,xlsx,1308,Санкт-Петербург,month_cum,Экономические преступления,Всего преступлений экономической направленности,econ_total,2253.0,count
311,январь-ноябрь 2023,2023-01-01,2023-11-30,month_cum,xlsx,1371,Санкт-Петербург,month_cum,Экономические преступления,Всего преступлений экономической направленности,econ_total,4420.0,count
301,январь 2023,2023-01-01,2023-01-31,month_cum,xlsx,1301,Санкт-Петербург,month_cum,Экономические преступления,Всего преступлений экономической направленности,econ_total,1877.0,count
312,январь-декабрь 2023,2023-01-01,2023-12-31,month_cum,xlsx,1378,Санкт-Петербург,month_cum,Экономические преступления,Всего преступлений экономической направленности,econ_total,4511.0,count
310,январь-октябрь 2023,2023-01-01,2023-10-31,month_cum,xlsx,1364,Санкт-Петербург,month_cum,Экономические преступления,Всего преступлений экономической направленности,econ_total,4256.0,count
309,январь-сентябрь 2023,2023-01-01,2023-09-30,month_cum,xlsx,1357,Санкт-Петербург,month_cum,Экономические преступления,Всего преступлений экономической направленности,econ_total,4226.0,count
305,январь-май 2023,2023-01-01,2023-05-31,month_cum,xlsx,1329,Санкт-Петербург,month_cum,Экономические преступления,Всего преступлений экономической направленности,econ_total,2965.0,count
304,январь-апрель 2023,2023-01-01,2023-04-30,month_cum,xlsx,1322,Санкт-Петербург,month_cum,Экономические преступления,Всего преступлений экономической направленности,econ_total,2781.0,count
308,январь-август 2023,2023-01-01,2023-08-31,month_cum,xlsx,1350,Санкт-Петербург,month_cum,Экономические преступления,Всего преступлений экономической направленности,econ_total,3922.0,count
307,январь-июль 2023,2023-01-01,2023-07-31,month_cum,xlsx,1343,Санкт-Петербург,month_cum,Экономические преступления,Всего преступлений экономической направленности,econ_total,3598.0,count
306,январь-июнь 2023,2023-01-01,2023-06-30,month_cum,xlsx,1336,Санкт-Петербург,month_cum,Экономические преступления,Всего преступлений экономической направленности,econ_total,3395.0,count
303,январь-март 2023,2023-01-01,2023-03-31,month_cum,xlsx,1315,Санкт-Петербург,month_cum,Экономические преступления,Всего преступлений экономической направленности,econ_total,2699.0,count
309,январь-сентябрь 2023,2023-01-01,2023-09-30,month_cum,xlsx,1359,Санкт-Петербург,month_cum,Преступления против собственности,Всего преступлений против собственности,property_total,1384.0,count
301,январь 2023,2023-01-01,2023-01-31,month_cum,xlsx,1303,Санкт-Петербург,month_cum,Преступления против собственности,Всего преступлений против собственности,property_total,794.0,count
302,январь-февраль 2023,2023-01-01,2023-02-28,month_cum,xlsx,1310,Санкт-Петербург,month_cum,Преступления против собственности,Всего преступлений против собственности,property_total,850.0,count
303,январь-март 2023,2023-01-01,2023-03-31,month_cum,xlsx,1317,Санкт-Петербург,month_cum,Преступления против собственности,Всего преступлений против собственности,property_total,908.0,count
304,январь-апрель 2023,2023-01-01,2023-04-30,month_cum,xlsx,1324,Санкт-Петербург,month_cum,Преступления против собственности,Всего преступлений против собственности,property_total,937.0,count
305,январь-май 2023,2023-01-01,2023-05-31,month_cum,xlsx,1331,Санкт-Петербург,month_cum,Преступления против собственности,Всего преступлений против собственности,property_total,1033.0,count
306,январь-июнь 2023,2023-01-01,2023-06-30,month_cum,xlsx,1338,Санкт-Петербург,month_cum,Преступления против собственности,Всего преступлений против собственности,property_total,1151.0,count
307,январь-июль 2023,2023-01-01,2023-07-31,month_cum,xlsx,1345,Санкт-Петербург,month_cum,Преступления против собственности,Всего преступлений против собственности,property_total,1256.0,count
308,январь-август 2023,2023-01-01,2023-08-31,month_cum,xlsx,1352,Санкт-Петербург,month_cum,Преступления против собственности,Всего преступлений против собственности,property_total,1306.0,count
310,январь-октябрь 2023,2023-01-01,2023-10-31,month_cum,xlsx,1366,Санкт-Петербург,month_cum,Преступления против собственности,Всего преступлений против собственности,property_total,1373.0,count
311,январь-ноябрь 2023,2023-01-01,2023-11-30,month_cum,xlsx,1373,Санкт-Петербург,month_cum,Преступления против собственности,Всего преступлений против собственности,property_total,1410.0,count
312,январь-декабрь 2023,2023-01-01,2023-12-31,month_cum,xlsx,1380,Санкт-Петербург,month_cum,Преступления против собственности,Всего преступлений против собственности,property_total,1377.0,count
310,январь-октябрь 2023,2023-01-01,2023-10-31,month_cum,xlsx,1363,Санкт-Петербург,month_cum,Тяжкие и особо тяжкие,Всего тяжких и особо тяжких преступлений,serious_total,22834.0,count
304,январь-апрель 2023,2023-01-01,2023-04-30,month_cum,xlsx,1321,Санкт-Петербург,month_cum,Тяжкие и особо тяжкие,Всего тяжких и особо тяжких преступлений,serious_total,13216.0,count
305,январь-май 2023,2023-01-01,2023-05-31,month_cum,xlsx,1328,Санкт-Петербург,month_cum,Тяжкие и особо тяжкие,Всего тяжких и особо тяжких преступлений,serious_total,14721.0,count
311,январь-ноябрь 2023,2023-01-01,2023-11-30,month_cum,xlsx,1370,Санкт-Петербург,month_cum,Тяжкие и особо тяжкие,Всего тяжких и особо тяжких преступлений,serious_total,24840.0,count
302,январь-февраль 2023,2023-01-01,2023-02-28,month_cum,xlsx,1307,Санкт-Петербург,month_cum,Тяжкие и особо тяжкие,Всего тяжких и особо тяжких преступлений,serious_total,10058.0,count
308,январь-август 2023,2023-01-01,2023-08-31,month_cum,xlsx,1349,Санкт-Петербург,month_cum,Тяжкие и особо тяжкие,Всего тяжких и особо тяжких преступлений,serious_total,19366.0,count
301,январь 2023,2023-01-01,2023-01-31,month_cum,xlsx,1300,Санкт-Петербург,month_cum,Тяжкие и особо тяжкие,Всего тяжких и особо тяжких преступлений,serious_total,8381.0,count
309,январь-сентябрь 2023,2023-01-01,2023-09-30,month_cum,xlsx,1356,Санкт-Петербург,month_cum,Тяжкие и особо тяжкие,Всего тяжких и особо тяжких преступлений,serious_total,21016.0,count
312,январь-декабрь 2023,2023-01-01,2023-12-31,month_cum,xlsx,1377,Санкт-Петербург,month_cum,Тяжкие и особо тяжкие,Всего тяжких и особо тяжких преступлений,serious_total,26786.0,count
306,январь-июнь 2023,2023-01-01,2023-06-30,month_cum,xlsx,1335,Санкт-Петербург,month_cum,Тяжкие и особо тяжкие,Всего тяжких и особо тяжких преступлений,serious_total,16226.0,count
307,январь-июль 2023,2023-01-01,2023-07-31,month_cum,xlsx,1342,Санкт-Петербург,month_cum,Тяжкие и особо тяжкие,Всего тяжких и особо тяжких преступлений,serious_total,17561.0,count
303,январь-март 2023,2023-01-01,2023-03-31,month_cum,xlsx,1314,Санкт-Петербург,month_cum,Тяжкие и особо тяжкие,Всего тяжких и особо тяжких преступлений,serious_total,11924.0,count
310,январь-октябрь 2023,2023-01-01,2023-10-31,month_cum,xlsx,1368,Санкт-Петербург,month_cum,Раскрываемость,Всего раскрыто,solved_crimes,23438.0,count
304,январь-апрель 2023,2023-01-01,2023-04-30,month_cum,xlsx,1326,Санкт-Петербург,month_cum,Раскрываемость,Всего раскрыто,solved_crimes,9543.0,count
311,январь-ноябрь 2023,2023-01-01,2023-11-30,month_cum,xlsx,1375,Санкт-Петербург,month_cum,Раскрываемость,Всего раскрыто,solved_crimes,25674.0,count
306,январь-июнь 2023,2023-01-01,2023-06-30,month_cum,xlsx,1340,Санкт-Петербург,month_cum,Раскрываемость,Всего раскрыто,solved_crimes,15097.0,count
307,январь-июль 2023,2023-01-01,2023-07-31,month_cum,xlsx,1347,Санкт-Петербург,month_cum,Раскрываемость,Всего раскрыто,solved_crimes,17216.0,count
305,январь-май 2023,2023-01-01,2023-05-31,month_cum,xlsx,1333,Санкт-Петербург,month_cum,Раскрываемость,Всего раскрыто,solved_crimes,12228.0,count
302,январь-февраль 2023,2023-01-01,2023-02-28,month_cum,xlsx,1312,Санкт-Петербург,month_cum,Раскрываемость,Всего раскрыто,solved_crimes,4473.0,count
308,январь-август 2023,2023-01-01,2023-08-31,month_cum,xlsx,1354,Санкт-Петербург,month_cum,Раскрываемость,Всего раскрыто,solved_crimes,19173.0,count
303,январь-март 2023,2023-01-01,2023-03-31,month_cum,xlsx,1319,Санкт-Петербург,month_cum,Раскрываемость,Всего раскрыто,solved_crimes,7333.0,count
301,январь 2023,2023-01-01,2023-01-31,month_cum,xlsx,1305,Санкт-Петербург,month_cum,Раскрываемость,Всего раскрыто,solved_crimes,2136.0,count
309,январь-сентябрь 2023,2023-01-01,2023-09-30,month_cum,xlsx,1361,Санкт-Петербург,month_cum,Раскрываемость,Всего раскрыто,solved_crimes,21465.0,count
312,январь-декабрь 2023,2023-01-01,2023-12-31,month_cum,xlsx,1382,Санкт-Петербург,month_cum,Раскрываемость,Всего раскрыто,solved_crimes,27474.0,count
306,январь-июнь 2023,2023-01-01,2023-06-30,month_cum,xlsx,1339,Санкт-Петербург,month_cum,Кражи,Всего краж (ст. 158),theft_total,14410.0,count
311,январь-ноябрь 2023,2023-01-01,2023-11-30,month_cum,xlsx,1374,Санкт-Петербург,month_cum,Кражи,Всего краж (ст. 158),theft_total,23648.0,count
301,январь 2023,2023-01-01,2023-01-31,month_cum,xlsx,1304,Санкт-Петербург,month_cum,Кражи,Всего краж (ст. 158),theft_total,5732.0,count
305,январь-май 2023,2023-01-01,2023-05-31,month_cum,xlsx,1332,Санкт-Петербург,month_cum,Кражи,Всего краж (ст. 158),theft_total,12730.0,count
309,январь-сентябрь 2023,2023-01-01,2023-09-30,month_cum,xlsx,1360,Санкт-Петербург,month_cum,Кражи,Всего краж (ст. 158),theft_total,19637.0,count
310,январь-октябрь 2023,2023-01-01,2023-10-31,month_cum,xlsx,1367,Санкт-Петербург,month_cum,Кражи,Всего краж (ст. 158),theft_total,21683.0,count
312,январь-декабрь 2023,2023-01-01,2023-12-31,month_cum,xlsx,1381,Санкт-Петербург,month_cum,Кражи,Всего краж (ст. 158),theft_total,25406.0,count
302,январь-февраль 2023,2023-01-01,2023-02-28,month_cum,xlsx,1311,Санкт-Петербург,month_cum,Кражи,Всего краж (ст. 158),theft_total,7368.0,count
307,январь-июль 2023,2023-01-01,2023-07-31,month_cum,xlsx,1346,Санкт-Петербург,month_cum,Кражи,Всего краж (ст. 158),theft_total,16079.0,count
308,январь-август 2023,2023-01-01,2023-08-31,month_cum,xlsx,1353,Санкт-Петербург,month_cum,Кражи,Всего краж (ст. 158),theft_total,17879.0,count
303,январь-март 2023,2023-01-01,2023-03-31,month_cum,xlsx,1318,Санкт-Петербург,month_cum,Кражи,Всего краж (ст. 158),theft_total,9111.0,count
304,январь-апрель 2023,2023-01-01,2023-04-30,month_cum,xlsx,1325,Санкт-Петербург,month_cum,Кражи,Всего краж (ст. 158),theft_total,10882.0,count
310,январь-октябрь 2023,2023-01-01,2023-10-31,month_cum,xlsx,1362,Санкт-Петербург,month_cum,Общая преступность,Всего преступлений,total_crimes,69377.0,count
304,январь-апрель 2023,2023-01-01,2023-04-30,month_cum,xlsx,1320,Санкт-Петербург,month_cum,Общая преступность,Всего преступлений,total_crimes,36636.0,count
307,январь-июль 2023,2023-01-01,2023-07-31,month_cum,xlsx,1341,Санкт-Петербург,month_cum,Общая преступность,Всего преступлений,total_crimes,52205.0,count
303,январь-март 2023,2023-01-01,2023-03-31,month_cum,xlsx,1313,Санкт-Петербург,month_cum,Общая преступность,Всего преступлений,total_crimes,31409.0,count
308,январь-август 2023,2023-01-01,2023-08-31,month_cum,xlsx,1348,Санкт-Петербург,month_cum,Общая преступность,Всего преступлений,total_crimes,57888.0,count
309,январь-сентябрь 2023,2023-01-01,2023-09-30,month_cum,xlsx,1355,Санкт-Петербург,month_cum,Общая преступность,Всего преступлений,total_crimes,63300.0,count
302,январь-февраль 2023,2023-01-01,2023-02-28,month_cum,xlsx,1306,Санкт-Петербург,month_cum,Общая преступность,Всего преступлений,total_crimes,25519.0,count
305,январь-май 2023,2023-01-01,2023-05-31,month_cum,xlsx,1327,Санкт-Петербург,month_cum,Общая преступность,Всего преступлений,total_crimes,42055.0,count
301,январь 2023,2023-01-01,2023-01-31,month_cum,xlsx,1299,Санкт-Петербург,month_cum,Общая преступность,Всего преступлений,total_crimes,20241.0,count
312,январь-декабрь 2023,2023-01-01,2023-12-31,month_cum,xlsx,1376,Санкт-Петербург,month_cum,Общая преступность,Всего преступлений,total_crimes,81572.0,count
311,январь-ноябрь 2023,2023-01-01,2023-11-30,month_cum,xlsx,1369,Санкт-Петербург,month_cum,Общая преступность,Всего преступлений,total_crimes,75786.0,count
306,январь-июнь 2023,2023-01-01,2023-06-30,month_cum,xlsx,1334,Санкт-Петербург,month_cum,Общая преступность,Всего преступлений,total_crimes,47189.0,count
319,январь-август 2024,2024-01-01,2024-08-31,month_cum,xlsx,1428,Санкт-Петербург,month_cum,Наркопреступления,"Всего преступлений, связанных с незаконным оборотом наркотиков",drugs_total,6221.0,count
314,январь-февраль 2024,2024-01-01,2024-02-29,month_cum,xlsx,1393,Санкт-Петербург,month_cum,Наркопреступления,"Всего преступлений, связанных с незаконным оборотом наркотиков",drugs_total,3024.0,count
315,январь-март 2024,2024-01-01,2024-03-31,month_cum,xlsx,1400,Санкт-Петербург,month_cum,Наркопреступления,"Всего преступлений, связанных с незаконным оборотом наркотиков",drugs_total,3455.0,count
313,январь 2024,2024-01-01,2024-01-31,month_cum,xlsx,1386,Санкт-Петербург,month_cum,Наркопреступления,"Всего преступлений, связанных с незаконным оборотом наркотиков",drugs_total,2589.0,count
322,январь-ноябрь 2024,2024-01-01,2024-11-30,month_cum,xlsx,1449,Санкт-Петербург,month_cum,Наркопреступления,"Всего преступлений, связанных с незаконным оборотом наркотиков",drugs_total,7998.0,count
317,январь-май 2024,2024-01-01,2024-05-31,month_cum,xlsx,1414,Санкт-Петербург,month_cum,Наркопреступления,"Всего преступлений, связанных с незаконным оборотом наркотиков",drugs_total,4339.0,count
321,январь-октябрь 2024,2024-01-01,2024-10-31,month_cum,xlsx,1442,Санкт-Петербург,month_cum,Наркопреступления,"Всего преступлений, связанных с незаконным оборотом наркотиков",drugs_total,7497.0,count
318,январь-июль 2024,2024-01-01,2024-07-31,month_cum,xlsx,1421,Санкт-Петербург,month_cum,Наркопреступления,"Всего преступлений, связанных с незаконным оборотом наркотиков",drugs_total,5494.0,count
320,январь-сентябрь 2024,2024-01-01,2024-09-30,month_cum,xlsx,1435,Санкт-Петербург,month_cum,Наркопреступления,"Всего преступлений, связанных с незаконным оборотом наркотиков",drugs_total,6762.0,count
323,январь-декабрь 2024,2024-01-01,2024-12-31,month_cum,xlsx,1456,Санкт-Петербург,month_cum,Наркопреступления,"Всего преступлений, связанных с незаконным оборотом наркотиков",drugs_total,8201.0,count
316,январь-апрель 2024,2024-01-01,2024-04-30,month_cum,xlsx,1407,Санкт-Петербург,month_cum,Наркопреступления,"Всего преступлений, связанных с незаконным оборотом наркотиков",drugs_total,3876.0,count
320,январь-сентябрь 2024,2024-01-01,2024-09-30,month_cum,xlsx,1434,Санкт-Петербург,month_cum,Экономические преступления,Всего преступлений экономической направленности,econ_total,4384.0,count
313,январь 2024,2024-01-01,2024-01-31,month_cum,xlsx,1385,Санкт-Петербург,month_cum,Экономические преступления,Всего преступлений экономической направленности,econ_total,1964.0,count
322,январь-ноябрь 2024,2024-01-01,2024-11-30,month_cum,xlsx,1448,Санкт-Петербург,month_cum,Экономические преступления,Всего преступлений экономической направленности,econ_total,4710.0,count
321,январь-октябрь 2024,2024-01-01,2024-10-31,month_cum,xlsx,1441,Санкт-Петербург,month_cum,Экономические преступления,Всего преступлений экономической направленности,econ_total,4557.0,count
314,январь-февраль 2024,2024-01-01,2024-02-29,month_cum,xlsx,1392,Санкт-Петербург,month_cum,Экономические преступления,Всего преступлений экономической направленности,econ_total,2162.0,count
318,январь-июль 2024,2024-01-01,2024-07-31,month_cum,xlsx,1420,Санкт-Петербург,month_cum,Экономические преступления,Всего преступлений экономической направленности,econ_total,3739.0,count
323,январь-декабрь 2024,2024-01-01,2024-12-31,month_cum,xlsx,1455,Санкт-Петербург,month_cum,Экономические преступления,Всего преступлений экономической направленности,econ_total,4868.0,count
315,январь-март 2024,2024-01-01,2024-03-31,month_cum,xlsx,1399,Санкт-Петербург,month_cum,Экономические преступления,Всего преступлений экономической направленности,econ_total,2732.0,count
316,январь-апрель 2024,2024-01-01,2024-04-30,month_cum,xlsx,1406,Санкт-Петербург,month_cum,Экономические преступления,Всего преступлений экономической направленности,econ_total,2968.0,count
319,январь-август 2024,2024-01-01,2024-08-31,month_cum,xlsx,1427,Санкт-Петербург,month_cum,Экономические преступления,Всего преступлений экономической направленности,econ_total,3957.0,count
317,январь-май 2024,2024-01-01,2024-05-31,month_cum,xlsx,1413,Санкт-Петербург,month_cum,Экономические преступления,Всего преступлений экономической направленности,econ_total,3267.0,count
319,январь-август 2024,2024-01-01,2024-08-31,month_cum,xlsx,1429,Санкт-Петербург,month_cum,Преступления против собственности,Всего преступлений против собственности,property_total,1401.0,count
321,январь-октябрь 2024,2024-01-01,2024-10-31,month_cum,xlsx,1443,Санкт-Петербург,month_cum,Преступления против собственности,Всего преступлений против собственности,property_total,1553.0,count
317,январь-май 2024,2024-01-01,2024-05-31,month_cum,xlsx,1415,Санкт-Петербург,month_cum,Преступления против собственности,Всего преступлений против собственности,property_total,1162.0,count
320,январь-сентябрь 2024,2024-01-01,2024-09-30,month_cum,xlsx,1436,Санкт-Петербург,month_cum,Преступления против собственности,Всего преступлений против собственности,property_total,1603.0,count
316,январь-апрель 2024,2024-01-01,2024-04-30,month_cum,xlsx,1408,Санкт-Петербург,month_cum,Преступления против собственности,Всего преступлений против собственности,property_total,1007.0,count
323,январь-декабрь 2024,2024-01-01,2024-12-31,month_cum,xlsx,1457,Санкт-Петербург,month_cum,Преступления против собственности,Всего преступлений против собственности,property_total,1581.0,count
318,январь-июль 2024,2024-01-01,2024-07-31,month_cum,xlsx,1422,Санкт-Петербург,month_cum,Преступления против собственности,Всего преступлений против собственности,property_total,1342.0,count
322,январь-ноябрь 2024,2024-01-01,2024-11-30,month_cum,xlsx,1450,Санкт-Петербург,month_cum,Преступления против собственности,Всего преступлений против собственности,property_total,1567.0,count
314,январь-февраль 2024,2024-01-01,2024-02-29,month_cum,xlsx,1394,Санкт-Петербург,month_cum,Преступления против собственности,Всего преступлений против собственности,property_total,807.0,count
315,январь-март 2024,2024-01-01,2024-03-31,month_cum,xlsx,1401,Санкт-Петербург,month_cum,Преступления против собственности,Всего преступлений против собственности,property_total,915.0,count
313,январь 2024,2024-01-01,2024-01-31,month_cum,xlsx,1387,Санкт-Петербург,month_cum,Преступления против собственности,Всего преступлений против собственности,property_total,786.0,count
317,январь-май 2024,2024-01-01,2024-05-31,month_cum,xlsx,1412,Санкт-Петербург,month_cum,Тяжкие и особо тяжкие,Всего тяжких и особо тяжких преступлений,serious_total,15324.0,count
322,январь-ноябрь 2024,2024-01-01,2024-11-30,month_cum,xlsx,1447,Санкт-Петербург,month_cum,Тяжкие и особо тяжкие,Всего тяжких и особо тяжких преступлений,serious_total,27241.0,count
321,январь-октябрь 2024,2024-01-01,2024-10-31,month_cum,xlsx,1440,Санкт-Петербург,month_cum,Тяжкие и особо тяжкие,Всего тяжких и особо тяжких преступлений,serious_total,25306.0,count
313,январь 2024,2024-01-01,2024-01-31,month_cum,xlsx,1384,Санкт-Петербург,month_cum,Тяжкие и особо тяжкие,Всего тяжких и особо тяжких преступлений,serious_total,8571.0,count
314,январь-февраль 2024,2024-01-01,2024-02-29,month_cum,xlsx,1391,Санкт-Петербург,month_cum,Тяжкие и особо тяжкие,Всего тяжких и особо тяжких преступлений,serious_total,10128.0,count
315,январь-март 2024,2024-01-01,2024-03-31,month_cum,xlsx,1398,Санкт-Петербург,month_cum,Тяжкие и особо тяжкие,Всего тяжких и особо тяжких преступлений,serious_total,12073.0,count
316,январь-апрель 2024,2024-01-01,2024-04-30,month_cum,xlsx,1405,Санкт-Петербург,month_cum,Тяжкие и особо тяжкие,Всего тяжких и особо тяжких преступлений,serious_total,13683.0,count
323,январь-декабрь 2024,2024-01-01,2024-12-31,month_cum,xlsx,1454,Санкт-Петербург,month_cum,Тяжкие и особо тяжкие,Всего тяжких и особо тяжких преступлений,serious_total,28827.0,count
318,январь-июль 2024,2024-01-01,2024-07-31,month_cum,xlsx,1419,Санкт-Петербург,month_cum,Тяжкие и особо тяжкие,Всего тяжких и особо тяжких преступлений,serious_total,18849.0,count
319,январь-август 2024,2024-01-01,2024-08-31,month_cum,xlsx,1426,Санкт-Петербург,month_cum,Тяжкие и особо тяжкие,Всего тяжких и особо тяжких преступлений,serious_total,21069.0,count
320,январь-сентябрь 2024,2024-01-01,2024-09-30,month_cum,xlsx,1433,Санкт-Петербург,month_cum,Тяжкие и особо тяжкие,Всего тяжких и особо тяжких преступлений,serious_total,23259.0,count
321,январь-октябрь 2024,2024-01-01,2024-10-31,month_cum,xlsx,1445,Санкт-Петербург,month_cum,Раскрываемость,Всего раскрыто,solved_crimes,20855.0,count
317,январь-май 2024,2024-01-01,2024-05-31,month_cum,xlsx,1417,Санкт-Петербург,month_cum,Раскрываемость,Всего раскрыто,solved_crimes,10290.0,count
316,январь-апрель 2024,2024-01-01,2024-04-30,month_cum,xlsx,1410,Санкт-Петербург,month_cum,Раскрываемость,Всего раскрыто,solved_crimes,8324.0,count
315,январь-март 2024,2024-01-01,2024-03-31,month_cum,xlsx,1403,Санкт-Петербург,month_cum,Раскрываемость,Всего раскрыто,solved_crimes,6273.0,count
314,январь-февраль 2024,2024-01-01,2024-02-29,month_cum,xlsx,1396,Санкт-Петербург,month_cum,Раскрываемость,Всего раскрыто,solved_crimes,3869.0,count
319,январь-август 2024,2024-01-01,2024-08-31,month_cum,xlsx,1431,Санкт-Петербург,month_cum,Раскрываемость,Всего раскрыто,solved_crimes,16473.0,count
313,январь 2024,2024-01-01,2024-01-31,month_cum,xlsx,1389,Санкт-Петербург,month_cum,Раскрываемость,Всего раскрыто,solved_crimes,1885.0,count
320,январь-сентябрь 2024,2024-01-01,2024-09-30,month_cum,xlsx,1438,Санкт-Петербург,month_cum,Раскрываемость,Всего раскрыто,solved_crimes,18848.0,count
323,январь-декабрь 2024,2024-01-01,2024-12-31,month_cum,xlsx,1459,Санкт-Петербург,month_cum,Раскрываемость,Всего раскрыто,solved_crimes,24584.0,count
318,январь-июль 2024,2024-01-01,2024-07-31,month_cum,xlsx,1424,Санкт-Петербург,month_cum,Раскрываемость,Всего раскрыто,solved_crimes,14519.0,count
322,январь-ноябрь 2024,2024-01-01,2024-11-30,month_cum,xlsx,1452,Санкт-Петербург,month_cum,Раскрываемость,Всего раскрыто,solved_crimes,22695.0,count
319,январь-август 2024,2024-01-01,2024-08-31,month_cum,xlsx,1430,Санкт-Петербург,month_cum,Кражи,Всего краж (ст. 158),theft_total,14574.0,count
313,январь 2024,2024-01-01,2024-01-31,month_cum,xlsx,1388,Санкт-Петербург,month_cum,Кражи,Всего краж (ст. 158),theft_total,4525.0,count
314,январь-февраль 2024,2024-01-01,2024-02-29,month_cum,xlsx,1395,Санкт-Петербург,month_cum,Кражи,Всего краж (ст. 158),theft_total,5890.0,count
315,январь-март 2024,2024-01-01,2024-03-31,month_cum,xlsx,1402,Санкт-Петербург,month_cum,Кражи,Всего краж (ст. 158),theft_total,7333.0,count
316,январь-апрель 2024,2024-01-01,2024-04-30,month_cum,xlsx,1409,Санкт-Петербург,month_cum,Кражи,Всего краж (ст. 158),theft_total,8700.0,count
317,январь-май 2024,2024-01-01,2024-05-31,month_cum,xlsx,1416,Санкт-Петербург,month_cum,Кражи,Всего краж (ст. 158),theft_total,10144.0,count
318,январь-июль 2024,2024-01-01,2024-07-31,month_cum,xlsx,1423,Санкт-Петербург,month_cum,Кражи,Всего краж (ст. 158),theft_total,13003.0,count
320,январь-сентябрь 2024,2024-01-01,2024-09-30,month_cum,xlsx,1437,Санкт-Петербург,month_cum,Кражи,Всего краж (ст. 158),theft_total,16312.0,count
321,январь-октябрь 2024,2024-01-01,2024-10-31,month_cum,xlsx,1444,Санкт-Петербург,month_cum,Кражи,Всего краж (ст. 158),theft_total,18184.0,count
322,январь-ноябрь 2024,2024-01-01,2024-11-30,month_cum,xlsx,1451,Санкт-Петербург,month_cum,Кражи,Всего краж (ст. 158),theft_total,19933.0,count
323,январь-декабрь 2024,2024-01-01,2024-12-31,month_cum,xlsx,1458,Санкт-Петербург,month_cum,Кражи,Всего краж (ст. 158),theft_total,21520.0,count
316,январь-апрель 2024,2024-01-01,2024-04-30,month_cum,xlsx,1404,Санкт-Петербург,month_cum,Общая преступность,Всего преступлений,total_crimes,35791.0,count
320,январь-сентябрь 2024,2024-01-01,2024-09-30,month_cum,xlsx,1432,Санкт-Петербург,month_cum,Общая преступность,Всего преступлений,total_crimes,62548.0,count
319,январь-август 2024,2024-01-01,2024-08-31,month_cum,xlsx,1425,Санкт-Петербург,month_cum,Общая преступность,Всего преступлений,total_crimes,57076.0,count
321,январь-октябрь 2024,2024-01-01,2024-10-31,month_cum,xlsx,1439,Санкт-Петербург,month_cum,Общая преступность,Всего преступлений,total_crimes,68464.0,count
318,январь-июль 2024,2024-01-01,2024-07-31,month_cum,xlsx,1418,Санкт-Петербург,month_cum,Общая преступность,Всего преступлений,total_crimes,51403.0,count
323,январь-декабрь 2024,2024-01-01,2024-12-31,month_cum,xlsx,1453,Санкт-Петербург,month_cum,Общая преступность,Всего преступлений,total_crimes,78723.0,count
317,январь-май 2024,2024-01-01,2024-05-31,month_cum,xlsx,1411,Санкт-Петербург,month_cum,Общая преступность,Всего преступлений,total_crimes,41154.0,count
315,январь-март 2024,2024-01-01,2024-03-31,month_cum,xlsx,1397,Санкт-Петербург,month_cum,Общая преступность,Всего преступлений,total_crimes,30540.0,count
314,январь-февраль 2024,2024-01-01,2024-02-29,month_cum,xlsx,1390,Санкт-Петербург,month_cum,Общая преступность,Всего преступлений,total_crimes,24776.0,count
313,январь 2024,2024-01-01,2024-01-31,month_cum,xlsx,1383,Санкт-Петербург,month_cum,Общая преступность,Всего преступлений,total_crimes,19665.0,count
322,январь-ноябрь 2024,2024-01-01,2024-11-30,month_cum,xlsx,1446,Санкт-Петербург,month_cum,Общая преступность,Всего преступлений,total_crimes,73946.0,count
327,январь-октябрь 2025,2025-01-01,2025-10-31,month_cum,xlsx,1484,Санкт-Петербург,month_cum,Наркопреступления,"Всего преступлений, связанных с незаконным оборотом наркотиков",drugs_total,7944.0,count
328,январь-ноябрь 2025,2025-01-01,2025-11-30,month_cum,xlsx,1491,Санкт-Петербург,month_cum,Наркопреступления,"Всего преступлений, связанных с незаконным оборотом наркотиков",drugs_total,8325.0,count
324,январь-июль 2025,2025-01-01,2025-07-31,month_cum,xlsx,1463,Санкт-Петербург,month_cum,Наркопреступления,"Всего преступлений, связанных с незаконным оборотом наркотиков",drugs_total,5742.0,count
325,январь-август 2025,2025-01-01,2025-08-31,month_cum,xlsx,1470,Санкт-Петербург,month_cum,Наркопреступления,"Всего преступлений, связанных с незаконным оборотом наркотиков",drugs_total,6284.0,count
326,январь-сентябрь 2025,2025-01-01,2025-09-30,month_cum,xlsx,1477,Санкт-Петербург,month_cum,Наркопреступления,"Всего преступлений, связанных с незаконным оборотом наркотиков",drugs_total,6774.0,count
325,январь-август 2025,2025-01-01,2025-08-31,month_cum,xlsx,1469,Санкт-Петербург,month_cum,Экономические преступления,Всего преступлений экономической направленности,econ_total,3791.0,count
324,январь-июль 2025,2025-01-01,2025-07-31,month_cum,xlsx,1462,Санкт-Петербург,month_cum,Экономические преступления,Всего преступлений экономической направленности,econ_total,3561.0,count
327,январь-октябрь 2025,2025-01-01,2025-10-31,month_cum,xlsx,1483,Санкт-Петербург,month_cum,Экономические преступления,Всего преступлений экономической направленности,econ_total,4349.0,count
328,январь-ноябрь 2025,2025-01-01,2025-11-30,month_cum,xlsx,1490,Санкт-Петербург,month_cum,Экономические преступления,Всего преступлений экономической направленности,econ_total,4545.0,count
326,январь-сентябрь 2025,2025-01-01,2025-09-30,month_cum,xlsx,1476,Санкт-Петербург,month_cum,Экономические преступления,Всего преступлений экономической направленности,econ_total,4110.0,count
324,январь-июль 2025,2025-01-01,2025-07-31,month_cum,xlsx,1464,Санкт-Петербург,month_cum,Преступления против собственности,Всего преступлений против собственности,property_total,1029.0,count
325,январь-август 2025,2025-01-01,2025-08-31,month_cum,xlsx,1471,Санкт-Петербург,month_cum,Преступления против собственности,Всего преступлений против собственности,property_total,1079.0,count
326,январь-сентябрь 2025,2025-01-01,2025-09-30,month_cum,xlsx,1478,Санкт-Петербург,month_cum,Преступления против собственности,Всего преступлений против собственности,property_total,1176.0,count
328,январь-ноябрь 2025,2025-01-01,2025-11-30,month_cum,xlsx,1492,Санкт-Петербург,month_cum,Преступления против собственности,Всего преступлений против собственности,property_total,1244.0,count
327,январь-октябрь 2025,2025-01-01,2025-10-31,month_cum,xlsx,1485,Санкт-Петербург,month_cum,Преступления против собственности,Всего преступлений против собственности,property_total,1216.0,count
326,январь-сентябрь 2025,2025-01-01,2025-09-30,month_cum,xlsx,1475,Санкт-Петербург,month_cum,Тяжкие и особо тяжкие,Всего тяжких и особо тяжких преступлений,serious_total,23361.0,count
325,январь-август 2025,2025-01-01,2025-08-31,month_cum,xlsx,1468,Санкт-Петербург,month_cum,Тяжкие и особо тяжкие,Всего тяжких и особо тяжких преступлений,serious_total,21620.0,count
324,январь-июль 2025,2025-01-01,2025-07-31,month_cum,xlsx,1461,Санкт-Петербург,month_cum,Тяжкие и особо тяжкие,Всего тяжких и особо тяжких преступлений,serious_total,19850.0,count
327,январь-октябрь 2025,2025-01-01,2025-10-31,month_cum,xlsx,1482,Санкт-Петербург,month_cum,Тяжкие и особо тяжкие,Всего тяжких и особо тяжких преступлений,serious_total,25691.0,count
328,январь-ноябрь 2025,2025-01-01,2025-11-30,month_cum,xlsx,1489,Санкт-Петербург,month_cum,Тяжкие и особо тяжкие,Всего тяжких и особо тяжких преступлений,serious_total,26938.0,count
326,январь-сентябрь 2025,2025-01-01,2025-09-30,month_cum,xlsx,1480,Санкт-Петербург,month_cum,Раскрываемость,Всего раскрыто,solved_crimes,20827.0,count
324,январь-июль 2025,2025-01-01,2025-07-31,month_cum,xlsx,1466,Санкт-Петербург,month_cum,Раскрываемость,Всего раскрыто,solved_crimes,16978.0,count
325,январь-август 2025,2025-01-01,2025-08-31,month_cum,xlsx,1473,Санкт-Петербург,month_cum,Раскрываемость,Всего раскрыто,solved_crimes,18861.0,count
327,январь-октябрь 2025,2025-01-01,2025-10-31,month_cum,xlsx,1487,Санкт-Петербург,month_cum,Раскрываемость,Всего раскрыто,solved_crimes,22777.0,count
328,январь-ноябрь 2025,2025-01-01,2025-11-30,month_cum,xlsx,1494,Санкт-Петербург,month_cum,Раскрываемость,Всего раскрыто,solved_crimes,24485.0,count
327,январь-октябрь 2025,2025-01-01,2025-10-31,month_cum,xlsx,1486,Санкт-Петербург,month_cum,Кражи,Всего краж (ст. 158),theft_total,16788.0,count
324,январь-июль 2025,2025-01-01,2025-07-31,month_cum,xlsx,1465,Санкт-Петербург,month_cum,Кражи,Всего краж (ст. 158),theft_total,12799.0,count
325,январь-август 2025,2025-01-01,2025-08-31,month_cum,xlsx,1472,Санкт-Петербург,month_cum,Кражи,Всего краж (ст. 158),theft_total,14140.0,count
328,январь-ноябрь 2025,2025-01-01,2025-11-30,month_cum,xlsx,1493,Санкт-Петербург,month_cum,Кражи,Всего краж (ст. 158),theft_total,17893.0,count
326,январь-сентябрь 2025,2025-01-01,2025-09-30,month_cum,xlsx,1479,Санкт-Петербург,month_cum,Кражи,Всего краж (ст. 158),theft_total,15431.0,count
324,январь-июль 2025,2025-01-01,2025-07-31,month_cum,xlsx,1460,Санкт-Петербург,month_cum,Общая преступность,Всего преступлений,total_crimes,51499.0,count
325,январь-август 2025,2025-01-01,2025-08-31,month_cum,xlsx,1467,Санкт-Петербург,month_cum,Общая преступность,Всего преступлений,total_crimes,56118.0,count
326,январь-сентябрь 2025,2025-01-01,2025-09-30,month_cum,xlsx,1474,Санкт-Петербург,month_cum,Общая преступность,Всего преступлений,total_crimes,60572.0,count
327,январь-октябрь 2025,2025-01-01,2025-10-31,month_cum,xlsx,1481,Санкт-Петербург,month_cum,Общая преступность,Всего преступлений,total_crimes,65921.0,count
328,январь-ноябрь 2025,2025-01-01,2025-11-30,month_cum,xlsx,1488,Санкт-Петербург,month_cum,Общая преступность,Всего преступлений,total_crimes,69693.0,count
329,январь-июнь 2026,2026-01-01,2026-06-30,month_cum,xlsx,1498,Санкт-Петербург,month_cum,Наркопреступления,"Всего преступлений, связанных с незаконным оборотом наркотиков",drugs_total,4907.0,count
329,январь-июнь 2026,2026-01-01,2026-06-30,month_cum,xlsx,1497,Санкт-Петербург,month_cum,Экономические преступления,Всего преступлений экономической направленности,econ_total,3685.0,count
329,январь-июнь 2026,2026-01-01,2026-06-30,month_cum,xlsx,1499,Санкт-Петербург,month_cum,Преступления против собственности,Всего преступлений против собственности,property_total,1324.0,count
329,январь-июнь 2026,2026-01-01,2026-06-30,month_cum,xlsx,1496,Санкт-Петербург,month_cum,Тяжкие и особо тяжкие,Всего тяжких и особо тяжких преступлений,serious_total,17157.0,count
329,январь-июнь 2026,2026-01-01,2026-06-30,month_cum,xlsx,1501,Санкт-Петербург,month_cum,Раскрываемость,Всего раскрыто,solved_crimes,12567.0,count
329,январь-июнь 2026,2026-01-01,2026-06-30,month_cum,xlsx,1500,Санкт-Петербург,month_cum,Кражи,Всего краж (ст. 158),theft_total,11521.0,count
329,январь-июнь 2026,2026-01-01,2026-06-30,month_cum,xlsx,1495,Санкт-Петербург,month_cum,Общая преступность,Всего преступлений,total_crimes,46350.0,count
